{
  "2D": 2946.99000000954,
  "3D": 16.9730000495911,
  "AFK": 183.001000165939,
  "AssetLib": 82.9739999771118,
  "Editor": 6099.66900014878,
  "Game": 602.431000232697,
  "Script": 2450.30099987984
}