{
  "2D": 718.664000034332,
  "3D": 11.9430000782013,
  "AFK": 183.001000165939,
  "AssetLib": 82.9739999771118,
  "Editor": 2665.28499984741,
  "Game": 266.793999671936,
  "Script": 1584.91000008583
}